,name,city,amount
ord1,Aayush,Kathmandu,4500
ord2,Bina,Pokhara,6200
ord3,Cirag,Kathmandu,8900
ord4,Diya,Biratnagar,3100
ord5,Esha,Kathmandu,7600
ord6,Furba,Lalitpur,5400
ord7,Gita,Pokhara,9100
ord8,Hari,Birgunj,2800
ord9,Ishwar,Kathmandu,6300
ord10,Janak,Chitwan,4200
ord11,Kiran,Pokhara,7800
ord12,Laxmi,Kathmandu,9500
ord13,Manish,Butwal,3300
ord14,Niranjan,Biratnagar,6100
ord15,Oshin,Lalitpur,7200
ord16,Pradeep,Kathmandu,4900
ord17,Ramesh,Bhaktapur,8300
ord18,Sita,Pokhara,5200
ord19,Tsering,Kathmandu,9900
ord20,Umesh,Dharan,3600
ord21,Vivek,Butwal,6800
ord22,Yubaraj,Kathmandu,7400
ord23,Asmita,Birgunj,4100
ord24,Binod,Pokhara,8500
ord25,Deepak,Chitwan,5900
ord26,Kriti,Kathmandu,3200
ord27,Nabin,Lalitpur,6700
ord28,Pooja,Biratnagar,8800
ord29,Roshan,Kathmandu,5100
ord30,Sandeep,Pokhara,7000
